<?xml version="1.0" encoding="UTF-8"?><project format="0.1"><name>Pelican</name><bdd_mode>true</bdd_mode><uid>40cded3a-d214-4bc0-9a02-d55eb6f04dd3</uid><description>Pelican NL project</description><testPlan><folder><name>Pelican</name><uid>547b7f5f-00ec-422b-bf85-3df8cc96cce1</uid><order_in_parent>0</order_in_parent></folder><folder><name>NL Project</name><uid>f315e1c1-59b2-44af-9c95-461c742ca1c6</uid><parentUid>547b7f5f-00ec-422b-bf85-3df8cc96cce1</parentUid><order_in_parent>0</order_in_parent></folder></testPlan><scenarios><scenario><name>As a user I want to Process SEPA Payments Manually successfully</name><uid>52a565e1-6dce-4373-9b7e-b9ddeee2b526</uid><folderUid>f315e1c1-59b2-44af-9c95-461c742ca1c6</folderUid><order_in_parent>0</order_in_parent><datatable><dataset><name>TC_01</name><datasetUid>a5771b11-242f-4b74-8ced-08e9f7c32282</datasetUid><raw_data><data><name>UserType</name><value>Int_User1</value></data><data><name>Institution_Select</name><value>107207</value></data><data><name>Client_Name</name><value>MTS Holding BV</value></data><data><name>Client_Code</name><value>VSTR003264</value></data><data><name>Payment_Type</name><value>SEPA-Domestic</value></data><data><name>From_Ordering_account_name</name><value>Tulip Mortgage Funding 2019 I BV</value></data><data><name>From_Account_IBAN</name><value>NL16ABNA0860731421</value></data><data><name>From_Currency</name><value>EUR</value></data><data><name>From_Bank_BIC</name><value>ABNANL2A</value></data><data><name>To_Beneficiary_Name</name><value>Baker and McKenzie</value></data><data><name>To_Account_IBAN</name><value>NL15ABNA0623516969</value></data><data><name>To_Bank_BIC</name><value>ABNANL2A</value></data><data><name>PD_Execution_Date</name><value>Jan 19,2021</value></data><data><name>PD_Currency</name><value>EUR</value></data><data><name>PD_Amount</name><value>9.24</value></data><data><name>PD_End2EndID_Ref</name><value>TEST2781</value></data><data><name>PD_Format</name><value>Unstructured</value></data><data><name>PD_Code</name><value>TEST2781</value></data><data><name>PD_Issuer</name><value/></data><data><name>AD_UltDebtor</name><value/></data><data><name>AD_UltCreditor</name><value/></data><data><name>AD_Purpose</name><value/></data><data><name>x</name><value>7</value></data><data><name>y</name><value>4</value></data></raw_data><arguments><argument><name>UserType</name><value><stringliteral>Int_User1</stringliteral></value></argument><argument><name>Institution_Select</name><value><numericliteral>107207</numericliteral></value></argument><argument><name>Client_Name</name><value><stringliteral>MTS Holding BV</stringliteral></value></argument><argument><name>Client_Code</name><value><stringliteral>VSTR003264</stringliteral></value></argument><argument><name>Payment_Type</name><value><stringliteral>SEPA-Domestic</stringliteral></value></argument><argument><name>From_Ordering_account_name</name><value><stringliteral>Tulip Mortgage Funding 2019 I BV</stringliteral></value></argument><argument><name>From_Account_IBAN</name><value><stringliteral>NL16ABNA0860731421</stringliteral></value></argument><argument><name>From_Currency</name><value><stringliteral>EUR</stringliteral></value></argument><argument><name>From_Bank_BIC</name><value><stringliteral>ABNANL2A</stringliteral></value></argument><argument><name>To_Beneficiary_Name</name><value><stringliteral>Baker and McKenzie</stringliteral></value></argument><argument><name>To_Account_IBAN</name><value><stringliteral>NL15ABNA0623516969</stringliteral></value></argument><argument><name>To_Bank_BIC</name><value><stringliteral>ABNANL2A</stringliteral></value></argument><argument><name>PD_Execution_Date</name><value><stringliteral>Jan 19,2021</stringliteral></value></argument><argument><name>PD_Currency</name><value><stringliteral>EUR</stringliteral></value></argument><argument><name>PD_Amount</name><value><numericliteral>9.24</numericliteral></value></argument><argument><name>PD_End2EndID_Ref</name><value><stringliteral>TEST2781</stringliteral></value></argument><argument><name>PD_Format</name><value><stringliteral>Unstructured</stringliteral></value></argument><argument><name>PD_Code</name><value><stringliteral>TEST2781</stringliteral></value></argument><argument><name>PD_Issuer</name><value><stringliteral/></value></argument><argument><name>AD_UltDebtor</name><value><stringliteral/></value></argument><argument><name>AD_UltCreditor</name><value><stringliteral/></value></argument><argument><name>AD_Purpose</name><value><stringliteral/></value></argument><argument><name>x</name><value><numericliteral>7</numericliteral></value></argument><argument><name>y</name><value><numericliteral>4</numericliteral></value></argument></arguments></dataset><dataset><name>TC_02</name><datasetUid>039ed1a7-e472-4b59-a685-d4c56e6df3ce</datasetUid><raw_data><data><name>UserType</name><value>Int_User2</value></data><data><name>Institution_Select</name><value>107208</value></data><data><name>Client_Name</name><value>MTS Holding BV</value></data><data><name>Client_Code</name><value>VSTR003264</value></data><data><name>Payment_Type</name><value>SEPA-Domestic</value></data><data><name>From_Ordering_account_name</name><value>Tulip Mortgage Funding 2019 I BV</value></data><data><name>From_Account_IBAN</name><value>NL16ABNA0860731421</value></data><data><name>From_Currency</name><value>EUR</value></data><data><name>From_Bank_BIC</name><value>ABNANL2A</value></data><data><name>To_Beneficiary_Name</name><value>Baker and McKenzie</value></data><data><name>To_Account_IBAN</name><value>NL15ABNA0623516969</value></data><data><name>To_Bank_BIC</name><value>ABNANL2A</value></data><data><name>PD_Execution_Date</name><value>Jan 19,2021</value></data><data><name>PD_Currency</name><value>EUR</value></data><data><name>PD_Amount</name><value>19.24</value></data><data><name>PD_End2EndID_Ref</name><value>TEST2781</value></data><data><name>PD_Format</name><value>Structured</value></data><data><name>PD_Code</name><value>SCOR</value></data><data><name>PD_Issuer</name><value>MTS Systems</value></data><data><name>AD_UltDebtor</name><value/></data><data><name>AD_UltCreditor</name><value/></data><data><name>AD_Purpose</name><value/></data><data><name>x</name><value/></data><data><name>y</name><value/></data></raw_data><arguments><argument><name>UserType</name><value><stringliteral>Int_User2</stringliteral></value></argument><argument><name>Institution_Select</name><value><numericliteral>107208</numericliteral></value></argument><argument><name>Client_Name</name><value><stringliteral>MTS Holding BV</stringliteral></value></argument><argument><name>Client_Code</name><value><stringliteral>VSTR003264</stringliteral></value></argument><argument><name>Payment_Type</name><value><stringliteral>SEPA-Domestic</stringliteral></value></argument><argument><name>From_Ordering_account_name</name><value><stringliteral>Tulip Mortgage Funding 2019 I BV</stringliteral></value></argument><argument><name>From_Account_IBAN</name><value><stringliteral>NL16ABNA0860731421</stringliteral></value></argument><argument><name>From_Currency</name><value><stringliteral>EUR</stringliteral></value></argument><argument><name>From_Bank_BIC</name><value><stringliteral>ABNANL2A</stringliteral></value></argument><argument><name>To_Beneficiary_Name</name><value><stringliteral>Baker and McKenzie</stringliteral></value></argument><argument><name>To_Account_IBAN</name><value><stringliteral>NL15ABNA0623516969</stringliteral></value></argument><argument><name>To_Bank_BIC</name><value><stringliteral>ABNANL2A</stringliteral></value></argument><argument><name>PD_Execution_Date</name><value><stringliteral>Jan 19,2021</stringliteral></value></argument><argument><name>PD_Currency</name><value><stringliteral>EUR</stringliteral></value></argument><argument><name>PD_Amount</name><value><numericliteral>19.24</numericliteral></value></argument><argument><name>PD_End2EndID_Ref</name><value><stringliteral>TEST2781</stringliteral></value></argument><argument><name>PD_Format</name><value><stringliteral>Structured</stringliteral></value></argument><argument><name>PD_Code</name><value><stringliteral>SCOR</stringliteral></value></argument><argument><name>PD_Issuer</name><value><stringliteral>MTS Systems</stringliteral></value></argument><argument><name>AD_UltDebtor</name><value><stringliteral/></value></argument><argument><name>AD_UltCreditor</name><value><stringliteral/></value></argument><argument><name>AD_Purpose</name><value><stringliteral/></value></argument><argument><name>x</name><value><stringliteral/></value></argument><argument><name>y</name><value><stringliteral/></value></argument></arguments></dataset></datatable><parameters><parameter><name>UserType</name></parameter><parameter><name>Institution_Select</name></parameter><parameter><name>Client_Name</name></parameter><parameter><name>Client_Code</name></parameter><parameter><name>Payment_Type</name></parameter><parameter><name>From_Ordering_account_name</name></parameter><parameter><name>From_Account_IBAN</name></parameter><parameter><name>From_Currency</name></parameter><parameter><name>From_Bank_BIC</name></parameter><parameter><name>To_Beneficiary_Name</name></parameter><parameter><name>To_Account_IBAN</name></parameter><parameter><name>To_Bank_BIC</name></parameter><parameter><name>PD_Execution_Date</name></parameter><parameter><name>PD_Currency</name></parameter><parameter><name>PD_Amount</name></parameter><parameter><name>PD_End2EndID_Ref</name></parameter><parameter><name>PD_Format</name></parameter><parameter><name>PD_Code</name></parameter><parameter><name>PD_Issuer</name></parameter><parameter><name>AD_UltDebtor</name></parameter><parameter><name>AD_UltCreditor</name></parameter><parameter><name>AD_Purpose</name></parameter><parameter><name>x</name></parameter><parameter><name>y</name></parameter></parameters><steps><call><actionword>Users</actionword><annotation/><arguments><argument><name>IE_User</name><value><template><stringliteral>Int_User1</stringliteral></template></value></argument></arguments></call><step><action><template><stringliteral> "In the "Select the institution" modal window, Enter the Institution code as </stringliteral><var>Institution_Select</var><stringliteral> and search "</stringliteral></template></action></step><step><result><template><stringliteral>The user should be able to enable the checkbox for </stringliteral><var>Client_Name</var><stringliteral> and </stringliteral><var>Client_Code</var></template></result></step><step><action><template><stringliteral> "On the Payment creation screen, select payment type as SEPA "</stringliteral></template></action></step><step><result><template><stringliteral> "The user should be able to select"</stringliteral></template></result></step><step><action><template><stringliteral> "In the From section,Select the Ordering account name"</stringliteral></template></action></step><step><result><template><stringliteral>The user should be able to select </stringliteral><var>From_Ordering_account_name</var></template></result></step><step><action><template><stringliteral> "Enter the Account/IBAN"</stringliteral></template></action></step><step><result><template><stringliteral>The user should be able to enter </stringliteral><var>From_Account_IBAN</var></template></result></step><step><action><template><stringliteral> "Select the currency from the dropdown"</stringliteral></template></action></step><step><result><template><stringliteral>The user should be able to select </stringliteral><var>From_Currency</var></template></result></step><step><action><template><stringliteral> "Enter the apprpriate Bank BIC"</stringliteral></template></action></step><step><result><template><stringliteral>The user should be able to enter </stringliteral><var>From_Bank_BIC</var></template></result></step><call><actionword>Buttons</actionword><annotation/><arguments><argument><name>Button</name><value><dict><b1><template><stringliteral>OK</stringliteral></template></b1><b2><template><stringliteral>Cancel</stringliteral></template></b2><b3><template><stringliteral>Approve</stringliteral></template></b3><b4><template><stringliteral>Authorize</stringliteral></template></b4><b5><template><stringliteral>Reject</stringliteral></template></b5><b6><template><stringliteral>Reserve</stringliteral></template></b6><b7><template><stringliteral>ReviewandSubmit</stringliteral></template></b7><b8><template><stringliteral>Veirfy2</stringliteral></template></b8><b9><template><stringliteral>Logout</stringliteral></template></b9><b10><template><stringliteral>Yes</stringliteral></template></b10><b11><template><stringliteral>No</stringliteral></template></b11><b12><template><stringliteral>Add Note</stringliteral></template></b12><b13><template><stringliteral>Edit Details</stringliteral></template></b13><b14><template><stringliteral>Error</stringliteral></template></b14><b15><template><stringliteral>Save as Template</stringliteral></template></b15><b16><template><stringliteral>Submit Payment</stringliteral></template></b16><b17><template><stringliteral>Create Payment</stringliteral></template></b17></dict></value></argument></arguments></call><call><actionword>PH_Int_User2</actionword><annotation/></call><call><actionword>PH_Repair_Dashboard.</actionword><annotation/></call><step><action><template><stringliteral> "Search the invoice which was submitted "</stringliteral></template></action></step><step><result><template><stringliteral> "The invoice details should be present in the list "</stringliteral></template></result></step><call><actionword>PH_Selection_Invoice_checkbox</actionword><annotation/></call><call><actionword>PH_Verify2_Button</actionword><annotation/></call><call><actionword>AddNote_Link</actionword><annotation/></call><step><action><template><stringliteral> " Enter text and add attachment. "</stringliteral></template></action></step><step><result><template><stringliteral> " User should be able to enter text and add attachment. "</stringliteral></template></result></step><call><actionword>PH_Add_Note_Button</actionword><annotation/></call><call><actionword>PH_Verify2_Details_Screen</actionword><annotation>and</annotation></call><call><actionword>PH_Verify2_Confirmation_Screen</actionword><annotation>and</annotation></call><call><actionword>Logout_Yes</actionword><annotation>and</annotation></call><call><actionword>TM_Int_User1</actionword><annotation>and</annotation></call><call><actionword>TM_Alerts_Dashboard</actionword><annotation>and</annotation></call><call><actionword>TM_Selection_Invoice_Checkbox</actionword><annotation>and</annotation></call><call><actionword>TM_Reserve_Button</actionword><annotation>and</annotation></call><call><actionword>TM_Release1_Button</actionword><annotation>and</annotation></call><call><actionword>Logout_Yes</actionword><annotation>and</annotation></call><call><actionword>TM_Int_User2</actionword><annotation>and</annotation></call><call><actionword>TM_Alerts_Dashboard</actionword><annotation>and</annotation></call><call><actionword>TM_Selection_Checkbox_AlterUser2</actionword><annotation>and</annotation></call><call><actionword>TM_Reserve_Button</actionword><annotation>and</annotation></call><call><actionword>TM_Release2_Button</actionword><annotation>and</annotation></call><call><actionword>TM_Ok_ReasonCode</actionword><annotation>and</annotation></call><call><actionword>Logout_Yes</actionword><annotation>and</annotation></call><call><actionword>PH_Int_User6</actionword><annotation>and</annotation></call><call><actionword>PH_Approve_Button_Dashboard</actionword><annotation>and</annotation></call><call><actionword>PH_Selection_Invoice_Approve</actionword><annotation>and</annotation></call><call><actionword>PH_Authorize_Button</actionword><annotation>and</annotation></call><call><actionword>PH_Authorize_TransactionDetails</actionword><annotation>and</annotation></call><call><actionword>Logout_Yes</actionword><annotation>and</annotation></call><call><actionword>PH_Int_User5</actionword><annotation>and</annotation></call><call><actionword>PH_SearchAndSelect_Institution</actionword><annotation>and</annotation></call><call><actionword>PH_Okay_Button_Select_Institution</actionword><annotation>and</annotation></call><call><actionword>PH_Authorize_Dashboard</actionword><annotation>and</annotation></call><call><actionword>PH_Authorize_Button</actionword><annotation>and</annotation></call><call><actionword>PH_Authorize_TransactionDetails</actionword><annotation>and</annotation></call><call><actionword>Logout_Yes</actionword><annotation>and</annotation></call><call><actionword>PH_Ext_User1</actionword><annotation>and</annotation></call><call><actionword>PH_Authorize_Dashboard</actionword><annotation>and</annotation></call></steps></scenario><scenario><name>PH Access Rights</name><uid>5cafffeb-2a6f-432a-9498-49af39bc8273</uid><folderUid>547b7f5f-00ec-422b-bf85-3df8cc96cce1</folderUid><order_in_parent>0</order_in_parent><datatable><dataset><name/><datasetUid>87afaafa-eece-4a94-9a35-6014c928650d</datasetUid><raw_data/><arguments/></dataset></datatable></scenario><scenario><name>As a user Process MT101 Payments manually successfully</name><uid>d39f46dd-48ae-40d8-abc8-cd8f868fbf55</uid><folderUid>f315e1c1-59b2-44af-9c95-461c742ca1c6</folderUid><order_in_parent>1879048192</order_in_parent></scenario><scenario><name>As a user I want to Process SEPA Payments via OCR</name><uid>1550325a-8088-430a-ba6f-f56d0f05c046</uid><folderUid>f315e1c1-59b2-44af-9c95-461c742ca1c6</folderUid><order_in_parent>1610612736</order_in_parent><steps><call><actionword>PH_Int_User1</actionword><annotation>given</annotation><arguments><argument><name>IntUser</name><value><dict><j><template><stringliteral>Internal User 1</stringliteral></template></j><k><numericliteral>25</numericliteral></k></dict></value></argument></arguments></call><step><action><template><stringliteral> "In the "Select the institution" modal window, Enter the Institution code as </stringliteral><var>Institution_Select</var><stringliteral> and search "</stringliteral></template></action></step><step><result><template><stringliteral>The user should be able to enable the checkbox for </stringliteral><var>Client_Name</var><stringliteral> and </stringliteral><var>Client_Code</var></template></result></step><step><action><template><stringliteral> "click the Ok button and Check the page displayed "</stringliteral></template></action></step><step><result><template><stringliteral> "It should be Payment Hub homepage "</stringliteral></template></result></step><step><action><template><stringliteral> "On the Payment creation screen, select payment type as SEPA "</stringliteral></template></action></step><step><result><template><stringliteral> "The user should be able to select"</stringliteral></template></result></step><step><action><template><stringliteral> "In the From section,Select the Ordering account name"</stringliteral></template></action></step><step><result><template><stringliteral>The user should be able to select </stringliteral><var>From_Ordering_account_name</var></template></result></step><step><action><template><stringliteral> "Enter the Account/IBAN"</stringliteral></template></action></step><step><result><template><stringliteral>The user should be able to enter </stringliteral><var>From_Account_IBAN</var></template></result></step><step><action><template><stringliteral> "Select the currency from the dropdown"</stringliteral></template></action></step><step><result><template><stringliteral>The user should be able to select </stringliteral><var>From_Currency</var></template></result></step><step><action><template><stringliteral> "Enter the apprpriate Bank BIC"</stringliteral></template></action></step><step><result><template><stringliteral>The user should be able to enter </stringliteral><var>From_Bank_BIC</var></template></result></step><call><actionword>PH_CreatePayment_Review</actionword><annotation>when</annotation></call><call><actionword>PH_Submit Payment_Button</actionword><annotation/></call><call><actionword>PH_Int_User2</actionword><annotation/></call><call><actionword>PH_Repair_Dashboard.</actionword><annotation/></call><step><action><template><stringliteral> "Search the invoice which was submitted "</stringliteral></template></action></step><step><result><template><stringliteral> "The invoice details should be present in the list "</stringliteral></template></result></step><call><actionword>PH_Selection_Invoice_checkbox</actionword><annotation/></call><call><actionword>PH_Verify2_Button</actionword><annotation/></call><call><actionword>AddNote_Link</actionword><annotation/></call><step><action><template><stringliteral> " Enter text and add attachment. "</stringliteral></template></action></step><step><result><template><stringliteral> " User should be able to enter text and add attachment. "</stringliteral></template></result></step><call><actionword>PH_Add_Note_Button</actionword><annotation/></call><call><actionword>PH_Verify2_Details_Screen</actionword><annotation>and</annotation></call><call><actionword>PH_Verify2_Confirmation_Screen</actionword><annotation>and</annotation></call><call><actionword>Logout_Yes</actionword><annotation>and</annotation></call><call><actionword>TM_Int_User1</actionword><annotation>and</annotation></call><call><actionword>TM_Alerts_Dashboard</actionword><annotation>and</annotation></call><call><actionword>TM_Selection_Invoice_Checkbox</actionword><annotation>and</annotation></call><call><actionword>TM_Reserve_Button</actionword><annotation>and</annotation></call><call><actionword>TM_Release1_Button</actionword><annotation>and</annotation></call><call><actionword>Logout_Yes</actionword><annotation>and</annotation></call><call><actionword>TM_Int_User2</actionword><annotation>and</annotation></call><call><actionword>TM_Alerts_Dashboard</actionword><annotation>and</annotation></call><call><actionword>TM_Selection_Checkbox_AlterUser2</actionword><annotation>and</annotation></call><call><actionword>TM_Reserve_Button</actionword><annotation>and</annotation></call><call><actionword>TM_Release2_Button</actionword><annotation>and</annotation></call><call><actionword>TM_Ok_ReasonCode</actionword><annotation>and</annotation></call><call><actionword>Logout_Yes</actionword><annotation>and</annotation></call><call><actionword>PH_Int_User6</actionword><annotation>and</annotation></call><call><actionword>PH_Approve_Button_Dashboard</actionword><annotation>and</annotation></call><call><actionword>PH_Selection_Invoice_Approve</actionword><annotation>and</annotation></call><call><actionword>PH_Authorize_Button</actionword><annotation>and</annotation></call><call><actionword>PH_Authorize_TransactionDetails</actionword><annotation>and</annotation></call><call><actionword>Logout_Yes</actionword><annotation>and</annotation></call><call><actionword>PH_Int_User5</actionword><annotation>and</annotation></call><call><actionword>PH_SearchAndSelect_Institution</actionword><annotation>and</annotation></call><call><actionword>PH_Okay_Button_Select_Institution</actionword><annotation>and</annotation></call><call><actionword>PH_Authorize_Dashboard</actionword><annotation>and</annotation></call><call><actionword>PH_Authorize_Button</actionword><annotation>and</annotation></call><call><actionword>PH_Authorize_TransactionDetails</actionword><annotation>and</annotation></call><call><actionword>Logout_Yes</actionword><annotation>and</annotation></call><call><actionword>PH_Ext_User1</actionword><annotation>and</annotation></call><call><actionword>PH_Authorize_Dashboard</actionword><annotation>and</annotation></call></steps></scenario><scenario><name>As a user I want to Process MT101 Payments via OCR successfully</name><uid>00f4d4d0-dd20-4924-8b20-4bbd3336ade3</uid><folderUid>f315e1c1-59b2-44af-9c95-461c742ca1c6</folderUid><order_in_parent>2013265920</order_in_parent></scenario><scenario><name>As a user I want to reject a payment</name><uid>522aac3a-e8d1-43f6-a1c9-22aa22e0d642</uid><folderUid>f315e1c1-59b2-44af-9c95-461c742ca1c6</folderUid><order_in_parent>2080374784</order_in_parent></scenario><scenario><name>As a user I want to block a payment</name><uid>031dd721-6fcf-4978-b768-8580745017ae</uid><folderUid>f315e1c1-59b2-44af-9c95-461c742ca1c6</folderUid><order_in_parent>2113929216</order_in_parent></scenario><scenario><name>As a user I want to user admin privileges</name><uid>f16f4a3e-65e1-4207-88f1-a221c2720eb1</uid><folderUid>f315e1c1-59b2-44af-9c95-461c742ca1c6</folderUid><order_in_parent>2130706432</order_in_parent></scenario><scenario><name>As a PH user I want to know if I have the correct rights.</name><uid>ee7b4498-2b3e-4e41-97df-5f75b46a6865</uid><folderUid>f315e1c1-59b2-44af-9c95-461c742ca1c6</folderUid><order_in_parent>2139095040</order_in_parent></scenario><scenario><name>As a TM user I want to know if I have the correct rights.</name><uid>ecd7fde8-6224-475b-9da7-fd872a32249d</uid><folderUid>f315e1c1-59b2-44af-9c95-461c742ca1c6</folderUid><order_in_parent>2143289344</order_in_parent></scenario></scenarios><actionwords><actionword><name>Rights_CreateCorporatePayment</name><uid>4b6bc7cb-e1f5-4fde-9958-eac3898b109d</uid><steps><step><action><template><stringliteral>Check Create Corporate Payment access rights is given to user.</stringliteral></template></action></step><step><result><template><stringliteral>User should have the access.</stringliteral></template></result></step></steps><callers><uid>466ba4a4-fd9c-4207-8478-a54a09f438e1</uid></callers></actionword><actionword><name>Rights_ErrorHandlingCorporatePayment</name><uid>052d87f1-1613-4e0f-ab29-56c519062d1b</uid><steps><step><action><template><stringliteral>Check ErrorHandlingCorporatePayment access rights is given to user</stringliteral></template></action></step><step><result><template><stringliteral>User should have the access</stringliteral></template></result></step></steps></actionword><actionword><name>Rights_Int_User 1</name><uid>466ba4a4-fd9c-4207-8478-a54a09f438e1</uid><steps><step><action><template><stringliteral>Login into Payment Hub with Internal User 1</stringliteral></template></action></step><step><result><template><stringliteral>The user should be able to login and have rights as below:</stringliteral></template></result></step><call><actionword>Rights_CreateCorporatePayment</actionword><annotation/></call><call><actionword>Rights_Balance Information</actionword><annotation/></call><call><actionword>Rights_Approve Corporate Payment</actionword><annotation/></call><call><actionword>Rights_Statement</actionword><annotation/></call><call><actionword>Rights_Dashboard and Monitoring</actionword><annotation/></call></steps></actionword><actionword><name>Rights_Gen. Exception Corporate Payment</name><uid>184c472b-5c5d-433b-bd0b-4d4826b88fe1</uid><steps><step><action><template><stringliteral>Check Gen. Exception Corporate Payment access rights is given to user</stringliteral></template></action></step><step><result><template><stringliteral>User should have the access</stringliteral></template></result></step></steps><callers><uid>1b2e195d-e64e-4338-b379-57fd9da5c288</uid><uid>512cd403-d71e-4b6b-92ca-fa43effa5f9a</uid></callers></actionword><actionword><name>Rights_Balance Information</name><uid>f25a39d1-e60f-4163-9075-8932f54bc3b9</uid><steps><step><action><template><stringliteral>Check Balance Information access rights is given to user</stringliteral></template></action></step><step><result><template><stringliteral>User should have the access</stringliteral></template></result></step></steps><callers><uid>1b2e195d-e64e-4338-b379-57fd9da5c288</uid><uid>f8baea38-96b4-416f-9087-0ecb418f727d</uid><uid>c1a08ec5-1e2a-4aec-8526-a89a77c0ecc5</uid><uid>30569479-9afb-4677-b25e-d0100346e1bc</uid><uid>9cf25496-0fe4-4ff6-8bdd-6c61e4523d1d</uid><uid>368d02a0-a125-4c31-a2e2-65cb6d4ea6e2</uid><uid>54e8796c-d1e4-48be-83b8-7220bc1d7a8f</uid><uid>30f60ce3-5db2-4c16-a65d-f57467430d43</uid><uid>1eaafab7-173e-4c32-91b8-74736118bd57</uid><uid>779c7293-ae8e-40b5-b480-efa00d6b4fd2</uid><uid>34f9f88e-96d9-43b1-b5b8-dd9a81acfce4</uid><uid>b116c90b-0cba-4d0c-a03e-69a80febe371</uid><uid>512cd403-d71e-4b6b-92ca-fa43effa5f9a</uid><uid>d7089b26-61a5-49f9-a268-78b3568a460a</uid><uid>466ba4a4-fd9c-4207-8478-a54a09f438e1</uid></callers></actionword><actionword><name>Rights_Approve Corporate Payment</name><uid>5e8f778a-8899-40a1-b5b5-9db42111ca1b</uid><steps><step><action><template><stringliteral>Check Approve Corporate Payment access rights is given to user</stringliteral></template></action></step><step><result><template><stringliteral>User should have the access</stringliteral></template></result></step></steps><callers><uid>1b2e195d-e64e-4338-b379-57fd9da5c288</uid><uid>f8baea38-96b4-416f-9087-0ecb418f727d</uid><uid>34f9f88e-96d9-43b1-b5b8-dd9a81acfce4</uid><uid>b116c90b-0cba-4d0c-a03e-69a80febe371</uid><uid>512cd403-d71e-4b6b-92ca-fa43effa5f9a</uid><uid>d7089b26-61a5-49f9-a268-78b3568a460a</uid><uid>466ba4a4-fd9c-4207-8478-a54a09f438e1</uid></callers></actionword><actionword><name>Rights_Authorize1 - Corporate Payment</name><uid>7bc987c8-64b0-4082-acc4-4463625c1d0f</uid><steps><step><action><template><stringliteral>Check Authorize1 - Corporate Payment access rights is given to user</stringliteral></template></action></step><step><result><template><stringliteral>User should have the access</stringliteral></template></result></step></steps><callers><uid>1b2e195d-e64e-4338-b379-57fd9da5c288</uid><uid>f8baea38-96b4-416f-9087-0ecb418f727d</uid><uid>c1a08ec5-1e2a-4aec-8526-a89a77c0ecc5</uid><uid>30569479-9afb-4677-b25e-d0100346e1bc</uid><uid>9cf25496-0fe4-4ff6-8bdd-6c61e4523d1d</uid><uid>368d02a0-a125-4c31-a2e2-65cb6d4ea6e2</uid><uid>54e8796c-d1e4-48be-83b8-7220bc1d7a8f</uid><uid>30f60ce3-5db2-4c16-a65d-f57467430d43</uid><uid>1eaafab7-173e-4c32-91b8-74736118bd57</uid><uid>779c7293-ae8e-40b5-b480-efa00d6b4fd2</uid></callers></actionword><actionword><name>Rights_Authorize2 - Corporate Payment</name><uid>ed3cfb11-fe8c-44a6-b0a2-c50669329fab</uid><steps><step><action><template><stringliteral>Check Authorize2 - Corporate Payment access rights is given to user</stringliteral></template></action></step><step><result><template><stringliteral>User should have the access</stringliteral></template></result></step></steps><callers><uid>1b2e195d-e64e-4338-b379-57fd9da5c288</uid><uid>f8baea38-96b4-416f-9087-0ecb418f727d</uid><uid>779c7293-ae8e-40b5-b480-efa00d6b4fd2</uid></callers></actionword><actionword><name>Rights_Early Release</name><uid>775a33a3-516a-495c-a350-75dd68cd415d</uid><steps><step><action><template><stringliteral>Check Early Release access rights is given to user</stringliteral></template></action></step><step><result><template><stringliteral>User should have the access</stringliteral></template></result></step></steps><callers><uid>1b2e195d-e64e-4338-b379-57fd9da5c288</uid><uid>1eaafab7-173e-4c32-91b8-74736118bd57</uid></callers></actionword><actionword><name>Rights_MIS Reports</name><uid>5539c0a5-ac14-4ac1-9a78-eaf343b54e5f</uid><steps><step><action><template><stringliteral>Check MIS reports access rights are given to user</stringliteral></template></action></step><step><result><template><stringliteral>User should have the access</stringliteral></template></result></step></steps><callers><uid>1b2e195d-e64e-4338-b379-57fd9da5c288</uid><uid>f8baea38-96b4-416f-9087-0ecb418f727d</uid><uid>30f60ce3-5db2-4c16-a65d-f57467430d43</uid></callers></actionword><actionword><name>Rights_Denial Audit History</name><uid>f6cec8c3-6434-419d-8fb9-4f59c86d4ef4</uid><steps><step><action><template><stringliteral>Check Denial Audit History access rights is given to user</stringliteral></template></action></step><step><result><template><stringliteral>User should have the access</stringliteral></template></result></step></steps><callers><uid>c1a08ec5-1e2a-4aec-8526-a89a77c0ecc5</uid><uid>54e8796c-d1e4-48be-83b8-7220bc1d7a8f</uid></callers></actionword><actionword><name>Rights_Denial Notes</name><uid>8b3b75be-a3c5-45df-afc9-93e5a261eac5</uid><steps><step><action><template><stringliteral>Check Denial Notes access rights is given to user</stringliteral></template></action></step><step><result><template><stringliteral>User should have the access</stringliteral></template></result></step></steps><callers><uid>c1a08ec5-1e2a-4aec-8526-a89a77c0ecc5</uid><uid>368d02a0-a125-4c31-a2e2-65cb6d4ea6e2</uid></callers></actionword><actionword><name>Rights_Administrator (User management)</name><uid>d06ea11a-7c44-4d78-93d3-4f49ee7e8bf1</uid><steps><step><action><template><stringliteral>Check Administrator (User management) access rights is given to user</stringliteral></template></action></step><step><result><template><stringliteral>User should have the access</stringliteral></template></result></step></steps><callers><uid>1b2e195d-e64e-4338-b379-57fd9da5c288</uid><uid>f8baea38-96b4-416f-9087-0ecb418f727d</uid><uid>c1a08ec5-1e2a-4aec-8526-a89a77c0ecc5</uid><uid>30569479-9afb-4677-b25e-d0100346e1bc</uid><uid>9cf25496-0fe4-4ff6-8bdd-6c61e4523d1d</uid><uid>368d02a0-a125-4c31-a2e2-65cb6d4ea6e2</uid></callers></actionword><actionword><name>Rights_Administrator (Full on-boarding)</name><uid>7c23ec64-e25f-48af-99db-7e0c3532d26d</uid><steps><step><action><template><stringliteral>Check Administrator (Full on-boarding) access rights is given to user</stringliteral></template></action></step><step><result><template><stringliteral>User should have the access</stringliteral></template></result></step></steps><callers><uid>1b2e195d-e64e-4338-b379-57fd9da5c288</uid><uid>30569479-9afb-4677-b25e-d0100346e1bc</uid></callers></actionword><actionword><name>Rights_Statement</name><uid>f0dad546-edf5-4682-9c70-db9e9c5f1e3b</uid><steps><step><action><template><stringliteral>Check statement access right is given to user</stringliteral></template></action></step><step><result><template><stringliteral>User should have the access</stringliteral></template></result></step></steps><callers><uid>1b2e195d-e64e-4338-b379-57fd9da5c288</uid><uid>f8baea38-96b4-416f-9087-0ecb418f727d</uid><uid>c1a08ec5-1e2a-4aec-8526-a89a77c0ecc5</uid><uid>30569479-9afb-4677-b25e-d0100346e1bc</uid><uid>9cf25496-0fe4-4ff6-8bdd-6c61e4523d1d</uid><uid>368d02a0-a125-4c31-a2e2-65cb6d4ea6e2</uid><uid>54e8796c-d1e4-48be-83b8-7220bc1d7a8f</uid><uid>30f60ce3-5db2-4c16-a65d-f57467430d43</uid><uid>1eaafab7-173e-4c32-91b8-74736118bd57</uid><uid>779c7293-ae8e-40b5-b480-efa00d6b4fd2</uid><uid>34f9f88e-96d9-43b1-b5b8-dd9a81acfce4</uid><uid>b116c90b-0cba-4d0c-a03e-69a80febe371</uid><uid>512cd403-d71e-4b6b-92ca-fa43effa5f9a</uid><uid>466ba4a4-fd9c-4207-8478-a54a09f438e1</uid><uid>d7089b26-61a5-49f9-a268-78b3568a460a</uid></callers></actionword><actionword><name>Rights_Dashboard and Monitoring</name><uid>f32290c5-eaa4-4f41-8503-c7872dc1d3ff</uid><steps><step><action><template><stringliteral>Check Dashboard and Monitoring access rights is given to user</stringliteral></template></action></step><step><result><template><stringliteral>User should have the access</stringliteral></template></result></step></steps><callers><uid>1b2e195d-e64e-4338-b379-57fd9da5c288</uid><uid>f8baea38-96b4-416f-9087-0ecb418f727d</uid><uid>c1a08ec5-1e2a-4aec-8526-a89a77c0ecc5</uid><uid>30569479-9afb-4677-b25e-d0100346e1bc</uid><uid>9cf25496-0fe4-4ff6-8bdd-6c61e4523d1d</uid><uid>368d02a0-a125-4c31-a2e2-65cb6d4ea6e2</uid><uid>54e8796c-d1e4-48be-83b8-7220bc1d7a8f</uid><uid>30f60ce3-5db2-4c16-a65d-f57467430d43</uid><uid>1eaafab7-173e-4c32-91b8-74736118bd57</uid><uid>779c7293-ae8e-40b5-b480-efa00d6b4fd2</uid><uid>34f9f88e-96d9-43b1-b5b8-dd9a81acfce4</uid><uid>b116c90b-0cba-4d0c-a03e-69a80febe371</uid><uid>512cd403-d71e-4b6b-92ca-fa43effa5f9a</uid><uid>d7089b26-61a5-49f9-a268-78b3568a460a</uid><uid>466ba4a4-fd9c-4207-8478-a54a09f438e1</uid></callers></actionword><actionword><name>Rights_Int_User 2</name><uid>d7089b26-61a5-49f9-a268-78b3568a460a</uid><parameters><parameter><name>__free_text</name><default_value><template/></default_value></parameter></parameters><steps><step><action><template><stringliteral>Login into Payment Hub with Internal User 2</stringliteral></template></action></step><step><result><template><stringliteral>The user should be able to login and have rights as below:</stringliteral></template></result></step><call><actionword>Rights_Create Corporate Payment</actionword><annotation/></call><call><actionword>Rights_Error Handling Corporate Payment</actionword><annotation/></call><call><actionword>Rights_Balance Information</actionword><annotation/></call><call><actionword>Rights_Approve Corporate Payment</actionword><annotation/></call><call><actionword>Rights_Statement</actionword><annotation/></call><call><actionword>Rights_Dashboard and Monitoring</actionword><annotation/></call></steps></actionword><actionword><name>Rights_Int_User 3</name><uid>512cd403-d71e-4b6b-92ca-fa43effa5f9a</uid><steps><step><action><template><stringliteral>Login into Payment Hub with Internal User 3</stringliteral></template></action></step><step><result><template><stringliteral>The user should be able to login and have rights as below:</stringliteral></template></result></step><call><actionword>Rights_Create Corporate Payment</actionword><annotation/></call><call><actionword>Rights_Gen. Exception Corporate Payment</actionword><annotation/></call><call><actionword>Rights_Balance Information</actionword><annotation/></call><call><actionword>Rights_Approve Corporate Payment</actionword><annotation/></call><call><actionword>Rights_Statement</actionword><annotation/></call><call><actionword>Rights_Dashboard and Monitoring</actionword><annotation/></call></steps></actionword><actionword><name>Rights_Int_User 4</name><uid>b116c90b-0cba-4d0c-a03e-69a80febe371</uid><steps><step><action><template><stringliteral>Login into Payment Hub with Internal User 4</stringliteral></template></action></step><step><result><template><stringliteral>The user should be able to login and have rights as below:</stringliteral></template></result></step><call><actionword>Rights_Create Corporate Payment</actionword><annotation/></call><call><actionword>Rights_Balance Information</actionword><annotation/></call><call><actionword>Rights_Approve Corporate Payment</actionword><annotation/></call><call><actionword>Rights_Statement</actionword><annotation/></call><call><actionword>Rights_Dashboard and Monitoring</actionword><annotation/></call></steps></actionword><actionword><name>Rights_Int_User 5</name><uid>34f9f88e-96d9-43b1-b5b8-dd9a81acfce4</uid><steps><step><action><template><stringliteral>Login into Payment Hub with Internal User 5</stringliteral></template></action></step><step><result><template><stringliteral>The user should be able to login and have rights as below:</stringliteral></template></result></step><call><actionword>Rights_Create Corporate Payment</actionword><annotation/></call><call><actionword>Rights_Balance Information</actionword><annotation/></call><call><actionword>Rights_Approve Corporate Payment</actionword><annotation/></call><call><actionword>Rights_Statement</actionword><annotation/></call><call><actionword>Rights_Dashboard and Monitoring</actionword><annotation/></call></steps></actionword><actionword><name>Rights_Int_User 6</name><uid>779c7293-ae8e-40b5-b480-efa00d6b4fd2</uid><steps><step><action><template><stringliteral>Login into Payment Hub with Internal User 6</stringliteral></template></action></step><step><result><template><stringliteral>The user should be able to login and have rights as below:</stringliteral></template></result></step><call><actionword>Rights_Create Corporate Payment</actionword><annotation/></call><call><actionword>Rights_Balance Information</actionword><annotation/></call><call><actionword>Rights_Authorize1 - Corporate Payment</actionword><annotation/></call><call><actionword>Rights_Authorize2 - Corporate Payment</actionword><annotation/></call><call><actionword>Rights_Statement</actionword><annotation/></call><call><actionword>Rights_Dashboard and Monitoring</actionword><annotation/></call></steps></actionword><actionword><name>Rights_Int_User 7</name><uid>1eaafab7-173e-4c32-91b8-74736118bd57</uid><steps><step><action><template><stringliteral>Login into Payment Hub with Internal User 7</stringliteral></template></action></step><step><result><template><stringliteral>The user should be able to login and have rights as below:</stringliteral></template></result></step><call><actionword>Rights_Create Corporate Payment</actionword><annotation/></call><call><actionword>Rights_Balance Information</actionword><annotation/></call><call><actionword>Rights_Authorize1 - Corporate Payment</actionword><annotation/></call><call><actionword>Rights_Early Release</actionword><annotation/></call><call><actionword>Rights_Statement</actionword><annotation/></call><call><actionword>Rights_Dashboard and Monitoring</actionword><annotation/></call></steps></actionword><actionword><name>Rights_Int_User 8</name><uid>30f60ce3-5db2-4c16-a65d-f57467430d43</uid><steps><step><action><template><stringliteral>Login into Payment Hub with Internal User 8</stringliteral></template></action></step><step><result><template><stringliteral>The user should be able to login and have rights as below:</stringliteral></template></result></step><call><actionword>Rights_Create Corporate Payment</actionword><annotation/></call><call><actionword>Rights_Balance Information</actionword><annotation/></call><call><actionword>Rights_Authorize1 - Corporate Payment</actionword><annotation/></call><call><actionword>Rights_MIS Reports</actionword><annotation/></call><call><actionword>Rights_Statement</actionword><annotation/></call><call><actionword>Rights_Dashboard and Monitoring</actionword><annotation/></call></steps></actionword><actionword><name>Rights_Int_User 9</name><uid>54e8796c-d1e4-48be-83b8-7220bc1d7a8f</uid><steps><step><action><template><stringliteral>Login into Payment Hub with Internal User 9</stringliteral></template></action></step><step><result><template><stringliteral>The user should be able to login and have rights as below:</stringliteral></template></result></step><call><actionword>Rights_Create Corporate Payment</actionword><annotation/></call><call><actionword>Rights_Balance Information</actionword><annotation/></call><call><actionword>Rights_Authorize1 - Corporate Payment</actionword><annotation/></call><call><actionword>Rights_Denial Audit History</actionword><annotation/></call><call><actionword>Rights_Statement</actionword><annotation/></call><call><actionword>Rights_Dashboard and Monitoring</actionword><annotation/></call></steps></actionword><actionword><name>Rights_Int_User 10</name><uid>368d02a0-a125-4c31-a2e2-65cb6d4ea6e2</uid><steps><step><action><template><stringliteral>Login into Payment Hub with Internal User 10</stringliteral></template></action></step><step><result><template><stringliteral>The user should be able to login and have rights as below:</stringliteral></template></result></step><call><actionword>Rights_Create Corporate Payment</actionword><annotation/></call><call><actionword>Rights_Balance Information</actionword><annotation/></call><call><actionword>Rights_Authorize1 - Corporate Payment</actionword><annotation/></call><call><actionword>Rights_Denial Notes</actionword><annotation/></call><call><actionword>Rights_Administrator (User management)</actionword><annotation/></call><call><actionword>Rights_Statement</actionword><annotation/></call><call><actionword>Rights_Dashboard and Monitoring</actionword><annotation/></call></steps></actionword><actionword><name>Rights_Int_User 11</name><uid>9cf25496-0fe4-4ff6-8bdd-6c61e4523d1d</uid><steps><step><action><template><stringliteral>Login into Payment Hub with Internal User 11</stringliteral></template></action></step><step><result><template><stringliteral>The user should be able to login and have rights as below:</stringliteral></template></result></step><call><actionword>Rights_Create Corporate Payment</actionword><annotation/></call><call><actionword>Rights_Balance Information</actionword><annotation/></call><call><actionword>Rights_Authorize1 - Corporate Payment</actionword><annotation/></call><call><actionword>Rights_Administrator (User management)</actionword><annotation/></call><call><actionword>Rights_Statement</actionword><annotation/></call><call><actionword>Rights_Dashboard and Monitoring</actionword><annotation/></call></steps></actionword><actionword><name>Rights_Int_User 12</name><uid>30569479-9afb-4677-b25e-d0100346e1bc</uid><steps><step><action><template><stringliteral>Login into Payment Hub with Internal User 12</stringliteral></template></action></step><step><result><template><stringliteral>The user should be able to login and have rights as below:</stringliteral></template></result></step><call><actionword>Rights_Create Corporate Payment</actionword><annotation/></call><call><actionword>Rights_Balance Information</actionword><annotation/></call><call><actionword>Rights_Authorize1 - Corporate Payment</actionword><annotation/></call><call><actionword>Rights_Administrator (User management)</actionword><annotation/></call><call><actionword>Rights_Administrator (Full on-boarding)</actionword><annotation/></call><call><actionword>Rights_Statement</actionword><annotation/></call><call><actionword>Rights_Dashboard and Monitoring</actionword><annotation/></call></steps></actionword><actionword><name>Rights_Int_User 13</name><uid>c1a08ec5-1e2a-4aec-8526-a89a77c0ecc5</uid><steps><step><action><template><stringliteral>Login into Payment Hub with Internal User 13</stringliteral></template></action></step><step><result><template><stringliteral>The user should be able to login and have rights as below:</stringliteral></template></result></step><call><actionword>Rights_Create Corporate Payment</actionword><annotation/></call><call><actionword>Rights_Error Handling Corporate Payment</actionword><annotation/></call><call><actionword>Rights_Balance Information</actionword><annotation/></call><call><actionword>Rights_Authorize1 - Corporate Payment</actionword><annotation/></call><call><actionword>Rights_Denial Audit History</actionword><annotation/></call><call><actionword>Rights_Denial Notes</actionword><annotation/></call><call><actionword>Rights_Administrator (User management)</actionword><annotation/></call><call><actionword>Rights_Statement</actionword><annotation/></call><call><actionword>Rights_Dashboard and Monitoring</actionword><annotation/></call></steps></actionword><actionword><name>Rights_Int_User 14</name><uid>f8baea38-96b4-416f-9087-0ecb418f727d</uid><steps><step><action><template><stringliteral>Login into Payment Hub with Internal User 14</stringliteral></template></action></step><step><result><template><stringliteral>The user should be able to login and have rights as below:</stringliteral></template></result></step><call><actionword>Rights_Create Corporate Payment</actionword><annotation/></call><call><actionword>Rights_Balance Information</actionword><annotation/></call><call><actionword>Rights_Approve Corporate Payment</actionword><annotation/></call><call><actionword>Rights_Authorize1 - Corporate Payment</actionword><annotation/></call><call><actionword>Rights_Authorize2 - Corporate Payment</actionword><annotation/></call><call><actionword>Rights_MIS Reports</actionword><annotation/></call><call><actionword>Rights_Administrator (User management)</actionword><annotation/></call><call><actionword>Rights_Statement</actionword><annotation/></call><call><actionword>Rights_Dashboard and Monitoring</actionword><annotation/></call></steps></actionword><actionword><name>Rights_Int_User 15</name><uid>1b2e195d-e64e-4338-b379-57fd9da5c288</uid><steps><step><action><template><stringliteral>Login into Payment Hub with Internal User 15</stringliteral></template></action></step><step><result><template><stringliteral>The user should be able to login and have rights as below:</stringliteral></template></result></step><call><actionword>Rights_Create Corporate Payment</actionword><annotation/></call><call><actionword>Rights_Error Handling Corporate Payment</actionword><annotation/></call><call><actionword>Rights_Gen. Exception Corporate Payment</actionword><annotation/></call><call><actionword>Rights_Balance Information</actionword><annotation/></call><call><actionword>Rights_Approve Corporate Payment</actionword><annotation/></call><call><actionword>Rights_Authorize1 - Corporate Payment</actionword><annotation/></call><call><actionword>Rights_Authorize2 - Corporate Payment</actionword><annotation/></call><call><actionword>Rights_Early Release</actionword><annotation/></call><call><actionword>Rights_MIS Reports</actionword><annotation/></call><call><actionword>Rights_Administrator (User management)</actionword><annotation/></call><call><actionword>Rights_Administrator (Full on-boarding)</actionword><annotation/></call><call><actionword>Rights_Statement</actionword><annotation/></call><call><actionword>Rights_Dashboard and Monitoring</actionword><annotation/></call></steps></actionword><actionword><name>Test1</name><uid>0b3eed3f-f69d-49b1-aec0-8a7261bd0f28</uid><steps><step><action><template><stringliteral>Test</stringliteral></template></action></step><step><result><template><stringliteral>Res</stringliteral></template></result></step></steps></actionword><actionword><name>Rights_Create Corporate Payment</name><uid>cc201a25-8b41-4be3-9b0b-528d7aef0112</uid><steps><step><action><template><stringliteral>Check Create Corporate Payment access rights is given to user</stringliteral></template></action></step><step><result><template><stringliteral>User should have the access</stringliteral></template></result></step></steps><callers><uid>1b2e195d-e64e-4338-b379-57fd9da5c288</uid><uid>f8baea38-96b4-416f-9087-0ecb418f727d</uid><uid>c1a08ec5-1e2a-4aec-8526-a89a77c0ecc5</uid><uid>30569479-9afb-4677-b25e-d0100346e1bc</uid><uid>9cf25496-0fe4-4ff6-8bdd-6c61e4523d1d</uid><uid>368d02a0-a125-4c31-a2e2-65cb6d4ea6e2</uid><uid>54e8796c-d1e4-48be-83b8-7220bc1d7a8f</uid><uid>30f60ce3-5db2-4c16-a65d-f57467430d43</uid><uid>1eaafab7-173e-4c32-91b8-74736118bd57</uid><uid>779c7293-ae8e-40b5-b480-efa00d6b4fd2</uid><uid>34f9f88e-96d9-43b1-b5b8-dd9a81acfce4</uid><uid>b116c90b-0cba-4d0c-a03e-69a80febe371</uid><uid>512cd403-d71e-4b6b-92ca-fa43effa5f9a</uid><uid>d7089b26-61a5-49f9-a268-78b3568a460a</uid></callers></actionword><actionword><name>Rights_Error Handling Corporate Payment</name><uid>44adbc6f-6b8f-45e2-841c-406a868c5f36</uid><steps><step><action><template><stringliteral>Check Error Handling Corporate Payment access rights is given to user.</stringliteral></template></action></step><step><result><template><stringliteral>User should have the access.</stringliteral></template></result></step></steps><callers><uid>1b2e195d-e64e-4338-b379-57fd9da5c288</uid><uid>c1a08ec5-1e2a-4aec-8526-a89a77c0ecc5</uid><uid>d7089b26-61a5-49f9-a268-78b3568a460a</uid></callers></actionword><actionword><name>PH_Scheduled_Dashboard</name><uid>4e80e35a-8f54-422a-87a5-17923dddc231</uid><steps><step><action><template><stringliteral>Click on the Scheduled Button on dashboard.</stringliteral></template></action></step><step><result><template><stringliteral>Navigate user to the scheduled invoice list.</stringliteral></template></result></step></steps></actionword><actionword><name>PH_Processed_Dashboard</name><uid>def5f753-b435-437f-b8e3-3c89ed54482a</uid><steps><step><action><template><stringliteral>Click on the Processed button on dashboard.</stringliteral></template></action></step><step><result><template><stringliteral>Navigate user to Processed invoice list.</stringliteral></template></result></step></steps></actionword><actionword><name>PH_Duplicate_Dashboard</name><uid>1c4ad79e-1e89-4a61-afe1-1ac6ba65e966</uid><steps><step><action><template><stringliteral>Click on the Duplicate button on dashboard.</stringliteral></template></action></step><step><result><template><stringliteral>Navigate user to Duplicate invoice list.</stringliteral></template></result></step></steps></actionword><actionword><name>PH_Repair_Dashboard.</name><uid>83f1e3fd-d413-49aa-8149-96a6ae559777</uid><steps><step><action><template><stringliteral>Click on the Repair button on Dashboard.</stringliteral></template></action></step><step><result><template><stringliteral>Navigate user to Repair Invoice list.</stringliteral></template></result></step></steps><callers><uid>1550325a-8088-430a-ba6f-f56d0f05c046</uid><uid>52a565e1-6dce-4373-9b7e-b9ddeee2b526</uid></callers></actionword><actionword><name>PH_Error_Button</name><uid>9b1a1e26-8182-49a2-bf6d-0743cb6514e0</uid><steps><step><action><template><stringliteral>Click on the Error button</stringliteral></template></action></step><step><result><template><stringliteral>Navigate user to error invoice list.</stringliteral></template></result></step></steps></actionword><actionword><name>PH_Create Payment Button</name><uid>453ed1cc-f28a-406f-9ed4-bae7dffe1c37</uid><steps><step><action><template><stringliteral>Click on Create payment button.</stringliteral></template></action></step><step><result><template><stringliteral>Navigate user to Create payment screen.</stringliteral></template></result></step></steps></actionword><actionword><name>PH_Save as Template_Button</name><uid>878db24a-72e9-4e20-8172-1d47251f69f0</uid><steps><step><action><template><stringliteral>Click on Save as template button</stringliteral></template></action></step><step><result><template><stringliteral>It should save the template.</stringliteral></template></result></step></steps></actionword><actionword><name>PH_Cancel_Button</name><uid>7de61731-37a9-4a2a-810e-dbcab5d16e9a</uid><steps><step><action><template><stringliteral>Click on Cancel button</stringliteral></template></action></step><step><result><template><stringliteral>It should cancel the payment and exit from screen.</stringliteral></template></result></step></steps></actionword><actionword><name>Review and Submit_Button_PH</name><uid>4af01024-6099-4792-bb16-30880981c85d</uid><steps><step><action><template><stringliteral>Click on Review and Submit button.</stringliteral></template></action></step><step><result><template><stringliteral>Create payment screen should be in read only mode with Edit Details and  Submit Payment buttons.</stringliteral></template></result></step></steps><callers><uid>d54b6069-bf5e-403d-94d7-b9dadd6aa5c3</uid></callers></actionword><actionword><name>PH_Edit Details_Button</name><uid>76a4c05e-5d03-4eae-a330-f8ae38906db9</uid><steps><step><action><template><stringliteral>Click on Edit Details button</stringliteral></template></action></step><step><result><template><stringliteral>It should open the create payment screen and allow to do changes.</stringliteral></template></result></step></steps><callers><uid>8727750a-9731-4fae-ba35-98eee3fb44e2</uid></callers></actionword><actionword><name>PH_Submit Payment_Button</name><uid>f1b48cf6-cf4b-4690-90e2-4afb42d1fa66</uid><steps><step><action><template><stringliteral>Click on Submit Payment button</stringliteral></template></action></step><step><result><template><stringliteral>Modal window should be displayed with green tick mark and message "Payment created successfully". </stringliteral></template></result></step><step><action><template><stringliteral>Verify Beneficiary Name</stringliteral></template></action></step><step><result><template><stringliteral>It should be </stringliteral><var>To_Beneficiary_Name</var></template></result></step></steps><callers><uid>69fa48d5-194f-4fb1-b445-1b0b044f78e2</uid><uid>1550325a-8088-430a-ba6f-f56d0f05c046</uid></callers></actionword><actionword><name>PH_Verify2_Button</name><uid>d0e9df4b-6c66-4a0f-9a67-ba451b743c3a</uid><steps><step><action><template><stringliteral>Click on Verify2 button</stringliteral></template></action></step><step><result><template><stringliteral>It should open transaction screen with all details in read only.</stringliteral></template></result></step></steps><callers><uid>1550325a-8088-430a-ba6f-f56d0f05c046</uid><uid>52a565e1-6dce-4373-9b7e-b9ddeee2b526</uid></callers></actionword><actionword><name>PH_Reject_Button</name><uid>33fcf4d6-cb20-49a6-b4ae-b17a736f6caf</uid><steps><step><action><template><stringliteral>Click on Reject button.</stringliteral></template></action></step><step><result><template><stringliteral>Checker rejects the payment.</stringliteral></template></result></step></steps></actionword><actionword><name>TM_Reserve_Button</name><uid>824c3965-e5d1-4a42-9100-560d30f35383</uid><steps><step><action><template><stringliteral>Click on Reserve button.</stringliteral></template></action></step><step><result><template><stringliteral>It should reserve the payment process in Transaction Monitoring.</stringliteral></template></result></step></steps><callers><uid>1550325a-8088-430a-ba6f-f56d0f05c046</uid><uid>52a565e1-6dce-4373-9b7e-b9ddeee2b526</uid></callers></actionword><actionword><name>TM_Escalate_Button</name><uid>8e018361-b4e0-4635-a4c7-f50adc0ef3a8</uid><steps><step><action><template><stringliteral>Click on Escalate button.</stringliteral></template></action></step><step><result><template><stringliteral>Escalate Payment Process in Transaction monitoring.</stringliteral></template></result></step></steps></actionword><actionword><name>TM_Unreserve_Button</name><uid>65d77bf1-15f0-44e6-a2b3-964ab4d0049c</uid><steps><step><action><template><stringliteral>Click on Unreserve button</stringliteral></template></action></step><step><result><template><stringliteral>Unreserve the payment in transaction monitoring</stringliteral></template></result></step></steps></actionword><actionword><name>TM_Release1_Button</name><uid>98a22e3f-dd6e-44a3-9b93-bf3cf0ec9d0b</uid><steps><step><action><template><stringliteral>Click on Release1 button.</stringliteral></template></action></step><step><result><template><stringliteral>It should Release the payment for further approval.</stringliteral></template></result></step></steps><callers><uid>1550325a-8088-430a-ba6f-f56d0f05c046</uid><uid>52a565e1-6dce-4373-9b7e-b9ddeee2b526</uid></callers></actionword><actionword><name>TM_Hold_Button</name><uid>78cec419-b5ae-473f-b8e8-95aed40c85da</uid><steps><step><action><template><stringliteral>Click on Hold button</stringliteral></template></action></step><step><result><template><stringliteral>Payment should be kept on hold.</stringliteral></template></result></step></steps></actionword><actionword><name>TM_Block1_Button</name><uid>4cf90aa5-16c4-46e4-9b74-8a2a6a89b0b9</uid><steps><step><action><template><stringliteral>Click on Block button</stringliteral></template></action></step><step><result><template><stringliteral>Payment should be blocked</stringliteral></template></result></step></steps></actionword><actionword><name>TM_Release2_Button</name><uid>ca504b72-37d2-43eb-ba99-d6e558b3e01b</uid><steps><step><action><template><stringliteral>Click on Release 2 button</stringliteral></template></action></step><step><result><template><stringliteral>It should open the Reason code window along with Ok and Cancel button.</stringliteral></template></result></step></steps><callers><uid>1550325a-8088-430a-ba6f-f56d0f05c046</uid><uid>52a565e1-6dce-4373-9b7e-b9ddeee2b526</uid></callers></actionword><actionword><name>TM_Authorize_Button</name><uid>f5d33e44-261e-453f-aff9-35f7aa5e8e1b</uid><steps><step><action><template><stringliteral>Click on Authorize button.</stringliteral></template></action></step><step><result><template><stringliteral>It should navigate user to the transaction details screen.</stringliteral></template></result></step></steps></actionword><actionword><name>TM_Details_Button</name><uid>f864b67e-d64f-49bd-afec-d72dc6d90bed</uid><steps><step><action><template><stringliteral>Click on the Details button.</stringliteral></template></action></step><step><result><template><stringliteral>It should show the details of the payment transaction.</stringliteral></template></result></step></steps></actionword><actionword><name>TM_Reject_Button</name><uid>b47dc11f-51fe-4a13-9f19-b0b6525fa698</uid><steps><step><action><template><stringliteral>Click on the reject button</stringliteral></template></action></step><step><result><template><stringliteral>It should reject the payment.</stringliteral></template></result></step></steps></actionword><actionword><name>TM_Disapprove_Button</name><uid>d9962743-bddb-4036-983c-3083e45f90bc</uid><steps><step><action><template><stringliteral>Click on Disapprove button.</stringliteral></template></action></step><step><result><template><stringliteral>It should disapprove the payment.</stringliteral></template></result></step></steps></actionword><actionword><name>PH_CreatePayment_Review</name><uid>d54b6069-bf5e-403d-94d7-b9dadd6aa5c3</uid><steps><call><actionword>Review and Submit_Button_PH</actionword><annotation/></call></steps><callers><uid>1550325a-8088-430a-ba6f-f56d0f05c046</uid></callers></actionword><actionword><name>PH_CreatePayment_Edit</name><uid>8727750a-9731-4fae-ba35-98eee3fb44e2</uid><steps><call><actionword>PH_Edit Details_Button</actionword><annotation/></call></steps></actionword><actionword><name>PH_CreatePayment_Submit</name><uid>69fa48d5-194f-4fb1-b445-1b0b044f78e2</uid><steps><call><actionword>PH_Submit Payment_Button</actionword><annotation/></call></steps></actionword><actionword><name>PH_Int_User1</name><uid>713f666c-4561-4351-a725-ca59f65cb09c</uid><parameters><parameter><name>__datatable</name><default_value><template><stringliteral>3|2|1</stringliteral></template></default_value></parameter><parameter><name>__free_text</name><default_value><template/></default_value></parameter><parameter><name>IntUser</name><default_value><dict><j><template><stringliteral>Internal User 1</stringliteral></template></j><k><template><stringliteral>Internal User 2</stringliteral></template></k></dict></default_value></parameter></parameters><steps><step><action><template><stringliteral>Login into Payment Hub (PH) with </stringliteral><index><base><var>IntUser</var></base><expression><stringliteral>j</stringliteral></expression></index><stringliteral>
PH URL: https://uat-vistra-int.pelicanpayments.eu/auth/</stringliteral></template></action></step><step><result><template><stringliteral>The user should be able to login successfully.</stringliteral></template></result></step></steps><callers><uid>1550325a-8088-430a-ba6f-f56d0f05c046</uid></callers></actionword><actionword><name>PH_Int_User2</name><uid>1c3cdadd-56c8-4d3b-b564-b23cedf3a644</uid><steps><step><action><template><stringliteral>Login into Payment Hub (PH) with Internal User 2
PH URL: https://uat-vistra-int.pelicanpayments.eu/auth/</stringliteral></template></action></step><step><result><template><stringliteral>The user should be able to login successfully.</stringliteral></template></result></step></steps><callers><uid>1550325a-8088-430a-ba6f-f56d0f05c046</uid><uid>52a565e1-6dce-4373-9b7e-b9ddeee2b526</uid></callers></actionword><actionword><name>PH_Int_User3</name><uid>0b71574a-625e-42fa-9597-64a5d253d971</uid><steps><step><action><template><stringliteral>Login into Payment Hub (PH) with Internal User 3
PH URL: https://uat-vistra-int.pelicanpayments.eu/auth/</stringliteral></template></action></step><step><result><template><stringliteral>The user should be able to login successfully.</stringliteral></template></result></step></steps></actionword><actionword><name>PH_Int_User4</name><uid>f76be95a-be4b-4e63-a0c1-f65018b5fe37</uid><steps><step><action><template><stringliteral>Login into Payment Hub (PH) with Internal User 4
PH URL: https://uat-vistra-int.pelicanpayments.eu/auth/</stringliteral></template></action></step><step><result><template><stringliteral>The user should be able to login successfully.</stringliteral></template></result></step></steps></actionword><actionword><name>PH_Int_User5</name><uid>e3fc66a4-bd5b-4cc9-913c-013c785baa5b</uid><steps><step><action><template><stringliteral>Login into Payment Hub (PH) with Internal User 5
PH URL: https://uat-vistra-int.pelicanpayments.eu/auth/</stringliteral></template></action></step><step><result><template><stringliteral>The user should be able to login successfully.</stringliteral></template></result></step></steps><callers><uid>1550325a-8088-430a-ba6f-f56d0f05c046</uid><uid>52a565e1-6dce-4373-9b7e-b9ddeee2b526</uid></callers></actionword><actionword><name>PH_Int_User6</name><uid>7923f1e8-9878-475f-8139-13771bb3bf5c</uid><steps><step><action><template><stringliteral>Login into Payment Hub (PH) with Internal User 6
PH URL: https://uat-vistra-int.pelicanpayments.eu/auth/</stringliteral></template></action></step><step><result><template><stringliteral>The user should be able to login successfully.</stringliteral></template></result></step></steps><callers><uid>1550325a-8088-430a-ba6f-f56d0f05c046</uid><uid>52a565e1-6dce-4373-9b7e-b9ddeee2b526</uid></callers></actionword><actionword><name>PH_Int_User7</name><uid>82a05174-e3c3-43f3-b975-e6434d20b619</uid><steps><step><action><template><stringliteral>Login into Payment Hub (PH) with Internal User 7
PH URL: https://uat-vistra-int.pelicanpayments.eu/auth/</stringliteral></template></action></step><step><result><template><stringliteral>The user should be able to login successfully.</stringliteral></template></result></step></steps></actionword><actionword><name>PH_Int_User8</name><uid>a1dd9d8e-d4d9-49c0-bddf-506b77a3c83c</uid><steps><step><action><template><stringliteral>Login into Payment Hub (PH) with Internal User 8
PH URL: https://uat-vistra-int.pelicanpayments.eu/auth/</stringliteral></template></action></step><step><result><template><stringliteral>The user should be able to login successfully.</stringliteral></template></result></step></steps></actionword><actionword><name>PH_Int_User9</name><uid>c7e5ba8d-9e01-4d37-a6b1-3d1459c83b44</uid><steps><step><action><template><stringliteral>Login into Payment Hub (PH) with Internal User 9
PH URL: https://uat-vistra-int.pelicanpayments.eu/auth/</stringliteral></template></action></step><step><result><template><stringliteral>The user should be able to login successfully.</stringliteral></template></result></step></steps></actionword><actionword><name>PH_Int_User10</name><uid>b61c3f17-1891-4bcf-856a-610062cc5333</uid><steps><step><action><template><stringliteral>Login into Payment Hub (PH) with Internal User 10
PH URL: https://uat-vistra-int.pelicanpayments.eu/auth/</stringliteral></template></action></step><step><result><template><stringliteral>The user should be able to login successfully.</stringliteral></template></result></step></steps></actionword><actionword><name>PH_Int_User11</name><uid>3ab48539-281a-42ec-8d26-50c9016e6ad8</uid><steps><step><action><template><stringliteral>Login into Payment Hub (PH) with Internal User 11
PH URL: https://uat-vistra-int.pelicanpayments.eu/auth/</stringliteral></template></action></step><step><result><template><stringliteral>The user should be able to login successfully.</stringliteral></template></result></step></steps></actionword><actionword><name>PH_Int_User12</name><uid>c161be92-0570-4bb8-a3a0-ba2540c77e37</uid><steps><step><action><template><stringliteral>Login into Payment Hub (PH) with Internal User 12
PH URL: https://uat-vistra-int.pelicanpayments.eu/auth/</stringliteral></template></action></step><step><result><template><stringliteral>The user should be able to login successfully.</stringliteral></template></result></step></steps></actionword><actionword><name>PH_Int_User13</name><uid>e13f6a68-5f01-4179-a2a2-4b44d8a5f94f</uid><steps><step><action><template><stringliteral>Login into Payment Hub (PH) with Internal User 13
PH URL: https://uat-vistra-int.pelicanpayments.eu/auth/</stringliteral></template></action></step><step><result><template><stringliteral>The user should be able to login successfully.</stringliteral></template></result></step></steps></actionword><actionword><name>PH_Int_User14</name><uid>85672461-bff8-4888-8e94-da375b0d6347</uid><steps><step><action><template><stringliteral>Login into Payment Hub (PH) with Internal User 14
PH URL: https://uat-vistra-int.pelicanpayments.eu/auth/</stringliteral></template></action></step><step><result><template><stringliteral>The user should be able to login successfully.</stringliteral></template></result></step></steps></actionword><actionword><name>PH_Int_User15</name><uid>34092768-ce6f-428f-abbb-1350f8b6281f</uid><steps><step><action><template><stringliteral>Login into Payment Hub (PH) with Internal User 15
PH URL: https://uat-vistra-int.pelicanpayments.eu/auth/</stringliteral></template></action></step><step><result><template><stringliteral>The user should be able to login successfully.</stringliteral></template></result></step></steps></actionword><actionword><name>PH_Okay_Button_Create_Payment</name><uid>bcf05625-8259-4c45-aef2-0e0b7fa40296</uid><steps><step><action><template><stringliteral>Click on Okay button.</stringliteral></template></action></step><step><result><template><stringliteral>It should close Payment modal window and land on create payment page.</stringliteral></template></result></step></steps></actionword><actionword><name>Logout_Yes</name><uid>f2075684-9c9c-4437-9a98-8b676dc21453</uid><steps><step><action><template><stringliteral>Click on the logout button.</stringliteral></template></action></step><step><result><template><stringliteral>It should show pop up window with message "Are you sure you want to Logout" along with Yes and No</stringliteral></template></result></step><step><action><template><stringliteral>Click on the Yes button.</stringliteral></template></action></step><step><result><template><stringliteral>User should logout successfully.</stringliteral></template></result></step></steps><callers><uid>1550325a-8088-430a-ba6f-f56d0f05c046</uid><uid>52a565e1-6dce-4373-9b7e-b9ddeee2b526</uid></callers></actionword><actionword><name>Logout_No</name><uid>74bd9d82-5e65-440e-b3e6-920e055ef210</uid><steps><step><action><template><stringliteral>Click on the logout button.</stringliteral></template></action></step><step><result><template><stringliteral>It should show pop up window with message "Are you sure you want to Logout" along with Yes and No</stringliteral></template></result></step><step><action><template><stringliteral>Click on the No button.</stringliteral></template></action></step><step><result><template><stringliteral>Keep user logged in.</stringliteral></template></result></step></steps></actionword><actionword><name>PH_Okay_Button_Select_Institution</name><uid>173e9480-e169-45a0-8ad1-64554e8b61e8</uid><steps><step><action><template><stringliteral>Click on Okay button.</stringliteral></template></action></step><step><result><template><stringliteral>User should land on the Dashboard.</stringliteral></template></result></step></steps><callers><uid>1550325a-8088-430a-ba6f-f56d0f05c046</uid><uid>52a565e1-6dce-4373-9b7e-b9ddeee2b526</uid></callers></actionword><actionword><name>PH_Cancel_Button_Select_Institution</name><uid>0870f280-c4c6-42b1-ac12-52b631ce6792</uid><steps><step><action><template><stringliteral>Click on Cancel button.</stringliteral></template></action></step><step><result><template><stringliteral>Close the pop up window and land on Application screen.</stringliteral></template></result></step></steps></actionword><actionword><name>AddNote_Link</name><uid>e29e07b5-b370-4df6-a7ff-cb5f545df570</uid><steps><step><action><template><stringliteral>Click on Add note link</stringliteral></template></action></step><step><result><template><stringliteral>It should open Note screen.</stringliteral></template></result></step></steps><callers><uid>1550325a-8088-430a-ba6f-f56d0f05c046</uid><uid>52a565e1-6dce-4373-9b7e-b9ddeee2b526</uid></callers></actionword><actionword><name>Details_Link</name><uid>dd8e53f3-8387-4d2f-a3c6-7610e504358c</uid><steps><step><action><template><stringliteral>Click on Details Link tab</stringliteral></template></action></step><step><result><template><stringliteral>Details screen should be displayed.</stringliteral></template></result></step></steps></actionword><actionword><name>Technical_Details</name><uid>68131fa6-920e-4065-98d2-a01e58592a0f</uid><steps><step><action><template><stringliteral>Click on Technical Details link tab</stringliteral></template></action></step><step><result><template><stringliteral>Technical Details screen should be displayed.</stringliteral></template></result></step></steps></actionword><actionword><name>History</name><uid>6ce20fce-f39d-4aa1-b322-7fe42882631b</uid><steps><step><action><template><stringliteral>Click on the History tab</stringliteral></template></action></step><step><result><template><stringliteral>History screen should be displayed.</stringliteral></template></result></step></steps></actionword><actionword><name>TM_Int_User1</name><uid>fd03019a-0b57-4c3a-9388-3fa602923616</uid><steps><step><action><template><stringliteral>Login into Transaction Monitoring (TM) with Internal User 1.
TM URL: https: //uat-vistra.pelicansecure.eu/auth/</stringliteral></template></action></step><step><result><template><stringliteral>The user should be able to login successfully.</stringliteral></template></result></step></steps><callers><uid>1550325a-8088-430a-ba6f-f56d0f05c046</uid><uid>52a565e1-6dce-4373-9b7e-b9ddeee2b526</uid></callers></actionword><actionword><name>TM_Int_User2</name><uid>d5e3e36b-551f-41e7-9e18-5b77955888a6</uid><steps><step><action><template><stringliteral>Login into Transaction Monitoring (TM) with Internal User 2.                   TM URL: https: //uat-vistra.pelicansecure.eu/auth/</stringliteral></template></action></step><step><result><template><stringliteral>The user should be able to login successfully.</stringliteral></template></result></step></steps><callers><uid>1550325a-8088-430a-ba6f-f56d0f05c046</uid><uid>52a565e1-6dce-4373-9b7e-b9ddeee2b526</uid></callers></actionword><actionword><name>TM_Int_User3</name><uid>357e80b8-c8de-4d84-bbd5-a98c081c3496</uid><steps><step><action><template><stringliteral>Login into Transaction Monitoring (TM) with Internal User 3.                   TM URL: https: //uat-vistra.pelicansecure.eu/auth/</stringliteral></template></action></step><step><result><template><stringliteral>The user should be able to login successfully.</stringliteral></template></result></step></steps></actionword><actionword><name>TM_Int_User4</name><uid>0aca5fab-fa69-4237-97d0-c8cc5053f103</uid><steps><step><action><template><stringliteral>Login into Transaction Monitoring (TM) with Internal User 4.                   TM URL: https: //uat-vistra.pelicansecure.eu/auth/</stringliteral></template></action></step><step><result><template><stringliteral>The user should be able to login successfully.</stringliteral></template></result></step></steps></actionword><actionword><name>TM_Int_User5</name><uid>25f929b6-4c5a-42f3-bb8a-f691e3709125</uid><steps><step><action><template><stringliteral>Login into Transaction Monitoring (TM) with Internal User 5.                   TM URL: https: //uat-vistra.pelicansecure.eu/auth/</stringliteral></template></action></step><step><result><template><stringliteral>The user should be able to login successfully.</stringliteral></template></result></step></steps></actionword><actionword><name>TM_Int_User6</name><uid>b1f3ea6c-931a-4056-88a5-31262a38f0f1</uid><steps><step><action><template><stringliteral>Login into Transaction Monitoring (TM) with Internal User 6.                   TM URL: https: //uat-vistra.pelicansecure.eu/auth/</stringliteral></template></action></step><step><result><template><stringliteral>The user should be able to login successfully.</stringliteral></template></result></step></steps></actionword><actionword><name>TM_Int_User7</name><uid>048b2068-44d6-46e5-bc85-0d78d71557a1</uid><steps><step><action><template><stringliteral>Login into Transaction Monitoring (TM) with Internal User 7.                   TM URL: https: //uat-vistra.pelicansecure.eu/auth/</stringliteral></template></action></step><step><result><template><stringliteral>The user should be able to login successfully.</stringliteral></template></result></step></steps></actionword><actionword><name>TM_Int_User8</name><uid>a2f1807e-8ee0-4c8c-bb1a-d58ee3401aa9</uid><steps><step><action><template><stringliteral>Login into Transaction Monitoring (TM) with Internal User 8.                   TM URL: https: //uat-vistra.pelicansecure.eu/auth/</stringliteral></template></action></step><step><result><template><stringliteral>The user should be able to login successfully.</stringliteral></template></result></step></steps></actionword><actionword><name>TM_Int_User9</name><uid>c56e06aa-c67b-409e-84d8-3bf3db91d909</uid><steps><step><action><template><stringliteral>Login into Transaction Monitoring (TM) with Internal User 9.                   TM URL: https: //uat-vistra.pelicansecure.eu/auth/</stringliteral></template></action></step><step><result><template><stringliteral>The user should be able to login successfully.</stringliteral></template></result></step></steps></actionword><actionword><name>TM_Int_User10</name><uid>365018ef-fa50-4aaa-9ad9-68ba465001b8</uid><steps><step><action><template><stringliteral>Login into Transaction Monitoring (TM) with Internal User 10.                   TM URL: https: //uat-vistra.pelicansecure.eu/auth/</stringliteral></template></action></step><step><result><template><stringliteral>The user should be able to login successfully.</stringliteral></template></result></step></steps></actionword><actionword><name>TM_Int_User11</name><uid>f3fdd101-2f56-4925-a2e1-491d1d6a0697</uid><steps><step><action><template><stringliteral>Login into Transaction Monitoring (TM) with Internal User 11.                   TM URL: https: //uat-vistra.pelicansecure.eu/auth/</stringliteral></template></action></step><step><result><template><stringliteral>The user should be able to login successfully.</stringliteral></template></result></step></steps></actionword><actionword><name>TM_Int_User12</name><uid>275a1329-d0d0-4916-98a0-729b71028aeb</uid><steps><step><action><template><stringliteral>Login into Transaction Monitoring (TM) with Internal User 12.                   TM URL: https: //uat-vistra.pelicansecure.eu/auth/</stringliteral></template></action></step><step><result><template><stringliteral>The user should be able to login successfully.</stringliteral></template></result></step></steps></actionword><actionword><name>TM_Int_User13</name><uid>fd3d85cb-490b-4984-989b-5c0236644512</uid><steps><step><action><template><stringliteral>Login into Transaction Monitoring (TM) with Internal User 13.                   TM URL: https: //uat-vistra.pelicansecure.eu/auth/</stringliteral></template></action></step><step><result><template><stringliteral>The user should be able to login successfully.</stringliteral></template></result></step></steps></actionword><actionword><name>TM_Int_User14</name><uid>c13d9e92-86a4-4511-92e0-afbe2d8ebaef</uid><steps><step><action><template><stringliteral>Login into Transaction Monitoring (TM) with Internal User 14.                   TM URL: https: //uat-vistra.pelicansecure.eu/auth/</stringliteral></template></action></step><step><result><template><stringliteral>The user should be able to login successfully.</stringliteral></template></result></step></steps></actionword><actionword><name>TM_Int_User15</name><uid>028dc567-8f8a-42e1-a292-488adbe430b9</uid><steps><step><action><template><stringliteral>Login into Transaction Monitoring (TM) with Internal User 15.                   TM URL: https: //uat-vistra.pelicansecure.eu/auth/</stringliteral></template></action></step><step><result><template><stringliteral>The user should be able to login successfully.</stringliteral></template></result></step></steps></actionword><actionword><name>PH_Selection_Invoice_checkbox</name><uid>3135d92f-6719-4320-886a-5e910cb809bf</uid><steps><step><action><template><stringliteral>Select the appropriate invoice checkbox</stringliteral></template></action></step><step><result><template><stringliteral>The user should be able to select invoice and the row should be highlighted along with Reject and Verify2 button on the top right hand side.</stringliteral></template></result></step></steps><callers><uid>1550325a-8088-430a-ba6f-f56d0f05c046</uid><uid>52a565e1-6dce-4373-9b7e-b9ddeee2b526</uid></callers></actionword><actionword><name>PH_Add_Note_Button</name><uid>67ad712d-8492-4ea0-bc55-ec3f4fb7af8c</uid><steps><step><action><template><stringliteral>Click on Add Note button</stringliteral></template></action></step><step><result><template><stringliteral>It should save the notes.</stringliteral></template></result></step></steps><callers><uid>1550325a-8088-430a-ba6f-f56d0f05c046</uid><uid>52a565e1-6dce-4373-9b7e-b9ddeee2b526</uid></callers></actionword><actionword><name>PH_Verify2_Details_Screen</name><uid>f2d84fa4-e95c-4e2b-8e94-cc512f620e69</uid><steps><step><action><template><stringliteral>Click on Verify 2 button on Details screen.</stringliteral></template></action></step><step><result><template><stringliteral>It should open Confirmation window along with Cancel and Verify2 button.</stringliteral></template></result></step></steps><callers><uid>1550325a-8088-430a-ba6f-f56d0f05c046</uid><uid>52a565e1-6dce-4373-9b7e-b9ddeee2b526</uid></callers></actionword><actionword><name>PH_Verify2_Confirmation_Screen</name><uid>20c0a1b4-ea45-4080-8809-3efd306c2f59</uid><steps><step><action><template><stringliteral>Click on the Verify 2 button on confirmation window.</stringliteral></template></action></step><step><result><template><stringliteral>It should close the window and give toaster message "Action Successfully Executed." with Success tick.</stringliteral></template></result></step></steps><callers><uid>1550325a-8088-430a-ba6f-f56d0f05c046</uid><uid>52a565e1-6dce-4373-9b7e-b9ddeee2b526</uid></callers></actionword><actionword><name>TM_Alerts_Dashboard</name><uid>d7ff3524-424a-4d9e-83b2-5565b2c578f7</uid><steps><step><action><template><stringliteral>Click on the Alerts button.</stringliteral></template></action></step><step><result><template><stringliteral>It should navigate user to Alert screen.</stringliteral></template></result></step></steps><callers><uid>1550325a-8088-430a-ba6f-f56d0f05c046</uid><uid>52a565e1-6dce-4373-9b7e-b9ddeee2b526</uid></callers></actionword><actionword><name>TM_Dashboard_Button</name><uid>56a3b5e3-dcb6-450b-8e72-05fb94a86335</uid><steps><step><action><template><stringliteral>Click on the Dashboard button.</stringliteral></template></action></step><step><result><template><stringliteral>User should be navigated to Dashboard screen.</stringliteral></template></result></step></steps></actionword><actionword><name>TM_Selection_Invoice_Checkbox</name><uid>1c9a33fc-ce3b-4079-aa5a-fbccd5e38d36</uid><steps><step><action><template><stringliteral>Select the appropriate invoice checkbox</stringliteral></template></action></step><step><result><template><stringliteral>The user should be able to select invoice and the row should be highlighted along with Reserve, Escalate and Unreserve button on the top right hand side.</stringliteral></template></result></step></steps><callers><uid>1550325a-8088-430a-ba6f-f56d0f05c046</uid><uid>52a565e1-6dce-4373-9b7e-b9ddeee2b526</uid></callers></actionword><actionword><name>TM_Selection_Checkbox_AlterUser2</name><uid>e77891c2-6e48-41ff-83fe-9ad8e3c5ae52</uid><steps><step><action><template><stringliteral>Select the appropriate invoice checkbox</stringliteral></template></action></step><step><result><template><stringliteral>The user should be able to select invoice and the row should be highlighted along with Reserve and Escalate button on the top right hand side.</stringliteral></template></result></step></steps><callers><uid>1550325a-8088-430a-ba6f-f56d0f05c046</uid><uid>52a565e1-6dce-4373-9b7e-b9ddeee2b526</uid></callers></actionword><actionword><name>TM_Ok_ReasonCode</name><uid>a41781f4-d437-446b-b0ff-38e4abc53fb9</uid><steps><step><action><template><stringliteral>Select appropriate Reason code and Click on Ok button.</stringliteral></template></action></step><step><result><template><stringliteral>Reason code window should be closed.</stringliteral></template></result></step></steps><callers><uid>1550325a-8088-430a-ba6f-f56d0f05c046</uid><uid>52a565e1-6dce-4373-9b7e-b9ddeee2b526</uid></callers></actionword><actionword><name>TM_Cancel_ReasonCode</name><uid>5e8c5460-f7d5-4a06-af18-555291864e99</uid><steps><step><action><template><stringliteral>Select appropriate Reason code and Click on Cancel button.</stringliteral></template></action></step><step><result><template><stringliteral>Reason code window should be closed.</stringliteral></template></result></step></steps></actionword><actionword><name>PH_Approve_Button_Dashboard</name><uid>217fc55a-cc83-450f-ab1f-d8f765b5344a</uid><steps><step><action><template><stringliteral>Click on the Approve button.</stringliteral></template></action></step><step><result><template><stringliteral>Navigate user to the Approve invoice list screen.</stringliteral></template></result></step></steps><callers><uid>1550325a-8088-430a-ba6f-f56d0f05c046</uid><uid>52a565e1-6dce-4373-9b7e-b9ddeee2b526</uid></callers></actionword><actionword><name>PH_Authorize_Button</name><uid>4f135f2a-72c0-48a3-8a67-92c2295baf07</uid><steps><step><action><template><stringliteral>Click on Authorize button.</stringliteral></template></action></step><step><result><template><stringliteral>It should navigate to transaction details screen along with Reject and Authorize buttons.</stringliteral></template></result></step></steps><callers><uid>1550325a-8088-430a-ba6f-f56d0f05c046</uid><uid>52a565e1-6dce-4373-9b7e-b9ddeee2b526</uid></callers></actionword><actionword><name>PH_Selection_Invoice_Approve</name><uid>0744136b-5293-44f0-b2cb-ed3863f0a8e3</uid><steps><step><action><template><stringliteral>Select the appropriate invoice checkbox.</stringliteral></template></action></step><step><result><template><stringliteral>The user should be able to select the invoice and the row should be highlighted along with Reject, Details and Authorize button on the top right hand side.</stringliteral></template></result></step></steps><callers><uid>1550325a-8088-430a-ba6f-f56d0f05c046</uid><uid>52a565e1-6dce-4373-9b7e-b9ddeee2b526</uid></callers></actionword><actionword><name>PH_Authorize_TransactionDetails</name><uid>6c184195-df00-4ca1-a67d-a7e3aa110646</uid><steps><step><action><template><stringliteral>Click on the Authorize button.</stringliteral></template></action></step><step><result><template><stringliteral>It should show toaster message "Action successfully Executed" along with Success tick mark and Disapprove button.</stringliteral></template></result></step></steps><callers><uid>1550325a-8088-430a-ba6f-f56d0f05c046</uid><uid>52a565e1-6dce-4373-9b7e-b9ddeee2b526</uid></callers></actionword><actionword><name>PH_SearchAndSelect_Institution</name><uid>f718fc48-179d-4eb5-adeb-e081dd1d1d2d</uid><steps><step><action><template><stringliteral>Search appropriate institution and select the checkbox.</stringliteral></template></action></step><step><result><template><stringliteral>User should be able to search institute and select checkbox and it should also display Okay and Cancel button.</stringliteral></template></result></step></steps><callers><uid>1550325a-8088-430a-ba6f-f56d0f05c046</uid><uid>52a565e1-6dce-4373-9b7e-b9ddeee2b526</uid></callers></actionword><actionword><name>PH_Authorize_Dashboard</name><uid>e5f3ced8-338e-459e-ba65-3bbebe52af4b</uid><steps><step><action><template><stringliteral>Click on the Authorize button on dashboard.</stringliteral></template></action></step><step><result><template><stringliteral>Navigate user to the Authorize invoice list.</stringliteral></template></result></step></steps><callers><uid>1550325a-8088-430a-ba6f-f56d0f05c046</uid><uid>52a565e1-6dce-4373-9b7e-b9ddeee2b526</uid></callers></actionword><actionword><name>PH_Ext_User1</name><uid>015c3072-2a40-414f-a55a-b6b1d28f71de</uid><steps><step><action><template><stringliteral>Login into Payment Hub (PH) with External User 1 with mobile app.
PH External User URL: https://uat-vistra.pelicanpayments.eu/auth/</stringliteral></template></action></step><step><result><template><stringliteral>External user should be able to login successfully.</stringliteral></template></result></step></steps><callers><uid>1550325a-8088-430a-ba6f-f56d0f05c046</uid><uid>52a565e1-6dce-4373-9b7e-b9ddeee2b526</uid></callers></actionword><actionword><name>Buttons</name><uid>a15b4c74-67a7-4bbc-a17b-4f5e95c31691</uid><parameters><parameter><name>Button</name><default_value><dict><b1><template><stringliteral>OK</stringliteral></template></b1><b2><template><stringliteral>Cancel</stringliteral></template></b2><b3><template><stringliteral>Approve</stringliteral></template></b3><b4><template><stringliteral>Authorize</stringliteral></template></b4><b5><template><stringliteral>Reject</stringliteral></template></b5><b6><template><stringliteral>Reserve</stringliteral></template></b6><b7><template><stringliteral>ReviewandSubmit</stringliteral></template></b7><b8><template><stringliteral>Veirfy2</stringliteral></template></b8><b9><template><stringliteral>Logout</stringliteral></template></b9><b10><template><stringliteral>Yes</stringliteral></template></b10><b11><template><stringliteral>No</stringliteral></template></b11><b12><template><stringliteral>Add Note</stringliteral></template></b12><b13><template><stringliteral>Edit Details</stringliteral></template></b13><b14><template><stringliteral>Error</stringliteral></template></b14><b15><template><stringliteral>Save as Template</stringliteral></template></b15><b16><template><stringliteral>Submit Payment</stringliteral></template></b16><b17><template><stringliteral>Create Payment</stringliteral></template></b17></dict></default_value></parameter><parameter><name>Result</name><default_value><template/></default_value></parameter></parameters><steps><step><action><template><stringliteral>Click on </stringliteral><field><base><var>Button</var></base><name>b7</name></field></template></action></step><step><result><template><var>Result</var></template></result></step></steps><callers><uid>52a565e1-6dce-4373-9b7e-b9ddeee2b526</uid></callers></actionword><actionword><name>Users</name><uid>198ff93b-e9c9-4a70-84d4-47c2779c27d6</uid><parameters><parameter><name>IE_User</name><default_value><template><stringliteral>Int_User1,Int_User2,Int_User6,Ext_User1,Ext_User2,Ext_User5,Ext_User6</stringliteral></template></default_value></parameter></parameters><steps><step><action><template><stringliteral>Login with </stringliteral><var>IE_User</var></template></action></step><step><result><template><stringliteral>The user should be able to login successfully</stringliteral></template></result></step></steps><callers><uid>52a565e1-6dce-4373-9b7e-b9ddeee2b526</uid></callers></actionword><actionword><name>Pages</name><uid>a9dd0b81-94f6-42cf-934e-35d323019caa</uid><parameters><parameter><name>Common</name><default_value><dict><b1><template><stringliteral>OK</stringliteral></template></b1><b2><template><stringliteral>Cancel</stringliteral></template></b2><b3><template><stringliteral>Yes</stringliteral></template></b3><b4><template><stringliteral>No</stringliteral></template></b4></dict></default_value></parameter><parameter><name>CreatePayment</name><default_value><dict><SAT><template><stringliteral>Save as  Template</stringliteral></template></SAT><RAS><template><stringliteral>Review and Submit</stringliteral></template></RAS><ED><template><stringliteral>Edit Details</stringliteral></template></ED><SUB><template><stringliteral>Submit Payment</stringliteral></template></SUB></dict></default_value></parameter><parameter><name>RepairPayment</name><default_value><dict><REJ><template><stringliteral>Reject</stringliteral></template></REJ><VER><template><stringliteral>Verify 2</stringliteral></template></VER><PRNT><template><stringliteral>Print</stringliteral></template></PRNT><AN><template><stringliteral>Add Note</stringliteral></template></AN></dict></default_value></parameter></parameters><steps><step><action><template><field><base><var>Common</var></base><name>b1</name></field></template></action></step></steps></actionword></actionwords></project>
